-- MySQL dump 10.13  Distrib 8.0.39, for Win64 (x86_64)
--
-- Host: localhost    Database: escuela
-- ------------------------------------------------------
-- Server version	8.0.39

/*!40101 SET @OLD_CHARACTER_SET_CLIENT=@@CHARACTER_SET_CLIENT */;
/*!40101 SET @OLD_CHARACTER_SET_RESULTS=@@CHARACTER_SET_RESULTS */;
/*!40101 SET @OLD_COLLATION_CONNECTION=@@COLLATION_CONNECTION */;
/*!50503 SET NAMES utf8mb4 */;
/*!40103 SET @OLD_TIME_ZONE=@@TIME_ZONE */;
/*!40103 SET TIME_ZONE='+00:00' */;
/*!40014 SET @OLD_UNIQUE_CHECKS=@@UNIQUE_CHECKS, UNIQUE_CHECKS=0 */;
/*!40014 SET @OLD_FOREIGN_KEY_CHECKS=@@FOREIGN_KEY_CHECKS, FOREIGN_KEY_CHECKS=0 */;
/*!40101 SET @OLD_SQL_MODE=@@SQL_MODE, SQL_MODE='NO_AUTO_VALUE_ON_ZERO' */;
/*!40111 SET @OLD_SQL_NOTES=@@SQL_NOTES, SQL_NOTES=0 */;

--
-- Table structure for table `alumnos`
--

DROP TABLE IF EXISTS `alumnos`;
/*!40101 SET @saved_cs_client     = @@character_set_client */;
/*!50503 SET character_set_client = utf8mb4 */;
CREATE TABLE `alumnos` (
  `id` int NOT NULL AUTO_INCREMENT,
  `nombre` varchar(100) NOT NULL,
  `fecha_nacimiento` date NOT NULL,
  PRIMARY KEY (`id`)
) ENGINE=InnoDB AUTO_INCREMENT=6 DEFAULT CHARSET=utf8mb4 COLLATE=utf8mb4_0900_ai_ci;
/*!40101 SET character_set_client = @saved_cs_client */;

--
-- Dumping data for table `alumnos`
--

LOCK TABLES `alumnos` WRITE;
/*!40000 ALTER TABLE `alumnos` DISABLE KEYS */;
INSERT INTO `alumnos` VALUES (1,'Juan Pérez','2001-05-15'),(2,'Ana Gómez','2002-03-20'),(3,'Luis Martínez','2001-07-10'),(4,'María López','2000-11-25'),(5,'Carlos Sánchez','2002-09-18');
/*!40000 ALTER TABLE `alumnos` ENABLE KEYS */;
UNLOCK TABLES;

--
-- Table structure for table `cursos`
--

DROP TABLE IF EXISTS `cursos`;
/*!40101 SET @saved_cs_client     = @@character_set_client */;
/*!50503 SET character_set_client = utf8mb4 */;
CREATE TABLE `cursos` (
  `id` int NOT NULL AUTO_INCREMENT,
  `nombre` varchar(100) NOT NULL,
  `creditos` int NOT NULL,
  PRIMARY KEY (`id`)
) ENGINE=InnoDB AUTO_INCREMENT=6 DEFAULT CHARSET=utf8mb4 COLLATE=utf8mb4_0900_ai_ci;
/*!40101 SET character_set_client = @saved_cs_client */;

--
-- Dumping data for table `cursos`
--

LOCK TABLES `cursos` WRITE;
/*!40000 ALTER TABLE `cursos` DISABLE KEYS */;
INSERT INTO `cursos` VALUES (1,'Matemáticas',3),(2,'Programación',4),(3,'Historia',3),(4,'Física',4),(5,'Química',4);
/*!40000 ALTER TABLE `cursos` ENABLE KEYS */;
UNLOCK TABLES;

--
-- Table structure for table `matriculas`
--

DROP TABLE IF EXISTS `matriculas`;
/*!40101 SET @saved_cs_client     = @@character_set_client */;
/*!50503 SET character_set_client = utf8mb4 */;
CREATE TABLE `matriculas` (
  `alumno_id` int NOT NULL,
  `curso_id` int NOT NULL,
  PRIMARY KEY (`alumno_id`,`curso_id`),
  KEY `curso_id` (`curso_id`),
  CONSTRAINT `matriculas_ibfk_1` FOREIGN KEY (`alumno_id`) REFERENCES `alumnos` (`id`) ON DELETE CASCADE,
  CONSTRAINT `matriculas_ibfk_2` FOREIGN KEY (`curso_id`) REFERENCES `cursos` (`id`) ON DELETE CASCADE
) ENGINE=InnoDB DEFAULT CHARSET=utf8mb4 COLLATE=utf8mb4_0900_ai_ci;
/*!40101 SET character_set_client = @saved_cs_client */;

--
-- Dumping data for table `matriculas`
--

LOCK TABLES `matriculas` WRITE;
/*!40000 ALTER TABLE `matriculas` DISABLE KEYS */;
INSERT INTO `matriculas` VALUES (1,1),(3,1),(1,2),(2,2),(5,2),(2,3),(4,3),(3,4),(5,5);
/*!40000 ALTER TABLE `matriculas` ENABLE KEYS */;
UNLOCK TABLES;

--
-- Table structure for table `profesores`
--

DROP TABLE IF EXISTS `profesores`;
/*!40101 SET @saved_cs_client     = @@character_set_client */;
/*!50503 SET character_set_client = utf8mb4 */;
CREATE TABLE `profesores` (
  `id` int NOT NULL AUTO_INCREMENT,
  `nombre` varchar(100) NOT NULL,
  `especialidad` varchar(100) NOT NULL,
  PRIMARY KEY (`id`)
) ENGINE=InnoDB AUTO_INCREMENT=6 DEFAULT CHARSET=utf8mb4 COLLATE=utf8mb4_0900_ai_ci;
/*!40101 SET character_set_client = @saved_cs_client */;

--
-- Dumping data for table `profesores`
--

LOCK TABLES `profesores` WRITE;
/*!40000 ALTER TABLE `profesores` DISABLE KEYS */;
INSERT INTO `profesores` VALUES (1,'Dr. Alberto Torres','Matemáticas'),(2,'Ing. Laura Rodríguez','Programación'),(3,'Prof. Carla López','Historia'),(4,'Dr. Fernando Gómez','Física'),(5,'Ing. Patricia Díaz','Química');
/*!40000 ALTER TABLE `profesores` ENABLE KEYS */;
UNLOCK TABLES;
/*!40103 SET TIME_ZONE=@OLD_TIME_ZONE */;

/*!40101 SET SQL_MODE=@OLD_SQL_MODE */;
/*!40014 SET FOREIGN_KEY_CHECKS=@OLD_FOREIGN_KEY_CHECKS */;
/*!40014 SET UNIQUE_CHECKS=@OLD_UNIQUE_CHECKS */;
/*!40101 SET CHARACTER_SET_CLIENT=@OLD_CHARACTER_SET_CLIENT */;
/*!40101 SET CHARACTER_SET_RESULTS=@OLD_CHARACTER_SET_RESULTS */;
/*!40101 SET COLLATION_CONNECTION=@OLD_COLLATION_CONNECTION */;
/*!40111 SET SQL_NOTES=@OLD_SQL_NOTES */;

-- Dump completed on 2024-10-15 17:20:07
